<?xml version="1.0" encoding="UTF-8"?>
<project xmlns="http://maven.apache.org/POM/4.0.0" xmlns:xsi="http://www.w3.org/2001/XMLSchema-instance" xsi:schemaLocation="http://maven.apache.org/POM/4.0.0 http://maven.apache.org/maven-v4_0_0.xsd">
  <modelVersion>4.0.0</modelVersion>
  <groupId>net.tangentmc</groupId>
  <artifactId>PlatformerGame</artifactId>
  <version>1.0-SNAPSHOT</version>
  <build>
    <plugins>
      <plugin>
        <artifactId>maven-shade-plugin</artifactId>
        <version>2.4.3</version>
        <executions>
          <execution>
            <phase>package</phase>
            <goals>
              <goal>shade</goal>
            </goals>
            <configuration>
              <transformers>
                <transformer>
                  <mainClass>game.Game</mainClass>
                </transformer>
              </transformers>
            </configuration>
          </execution>
        </executions>
      </plugin>
      <plugin>
        <artifactId>maven-assembly-plugin</artifactId>
        <executions>
          <execution>
            <id>make-assembly</id>
            <phase>package</phase>
            <goals>
              <goal>single</goal>
            </goals>
          </execution>
        </executions>
        <configuration>
          <archive>
            <manifest>
              <mainClass>com.example.main.SomeMainClassHere</mainClass>
            </manifest>
          </archive>
          <descriptors>
            <descriptor>src/main/assembly/application.xml</descriptor>
          </descriptors>
        </configuration>
      </plugin>
    </plugins>
  </build>
  <repositories>
    <repository>
      <id>tangentmc</id>
      <url>http://socketio.tangentmc.net:8081/repository/victoria</url>
    </repository>
  </repositories>
  <dependencies>
    <dependency>
      <groupId>org.projectlombok</groupId>
      <artifactId>lombok</artifactId>
      <version>1.16.10</version>
      <scope>provided</scope>
    </dependency>
  </dependencies>
  <properties>
    <maven.compiler.source>1.8</maven.compiler.source>
    <maven.compiler.target>1.8</maven.compiler.target>
  </properties>
</project>

